eedsp.gatech.edu	cs.toronto.edu!gatech!eedsp!%s
bellcore.bellcore.com	cs.toronto.edu!rutgers!bellcore!%s
pur-ee	cs.toronto.edu!rutgers!pur-ee!%s
dogwood.atl.ga.us	cs.toronto.edu!gatech!dogwood!%s
dsc1	cs.toronto.edu!rutgers!bellcore!dsc1!%s
nvuxg	cs.toronto.edu!rutgers!bellcore!nvuxg!%s
u1100s	cs.toronto.edu!rutgers!bellcore!u1100s!%s
maddog	cs.toronto.edu!rutgers!riacs!lll-winken!maddog!%s
asuvax.eas.asu.edu	cs.toronto.edu!gatech!ncar!asuvax!%s
harvax	cs.toronto.edu!pyramid!harvax!%s
pur-phy	cs.toronto.edu!rutgers!purdue!pur-phy!%s
wildcan	csri.toronto.edu!sq.com!wildcan!%s
aablue.com	cs.toronto.edu!uunet!aablue!%s
bartender	cs.toronto.edu!pyramid!amdahl!bartender!%s
mipseast	cs.toronto.edu!pyramid!mips!mipseast!%s
uottawa.ca	ugw.utcs.toronto.edu!uottawa.bitnet!uottawa.ca!%s
kitenet.ann-arbor.mi.us	cs.toronto.edu!inquiry!kitenet!%s
gacc	cs.toronto.edu!gatech!emory!gacc!%s
atina	cs.toronto.edu!uunet!atina!%s
airs	cs.toronto.edu!uunet!airs!%s
atexnet.epps.kodak.com	cs.toronto.edu!uunet!atexnet!%s
brunix	cs.toronto.edu!uunet!brunix!%s
chezmoi	cs.toronto.edu!uunet!chezmoi!%s
csdnet	cs.toronto.edu!uunet!csdnet!%s
dolfin	cs.toronto.edu!uunet!whale!%s
eventid	cs.toronto.edu!uunet!eventid!%s
giove	cs.toronto.edu!uunet!giove!%s
hsf	cs.toronto.edu!uunet!hsf!%s
interf	cs.toronto.edu!uunet!interf!%s
kbvan.com	cs.toronto.edu!uunet!kbvan!%s
lyco	cs.toronto.edu!uunet!lyco!%s
mfocus	cs.toronto.edu!uunet!mfocus!%s
ncro	cs.toronto.edu!uunet!ncro!%s
oracodev	cs.toronto.edu!uunet!oracodev!%s
planck	cs.toronto.edu!rutgers!ub!planck!%s
retix.com	cs.toronto.edu!uunet!retix!%s
seamles	cs.toronto.edu!uunet!seamles!%s
specialix.com	cs.toronto.edu!uunet!slxinc!%s
sysorex	cs.toronto.edu!uunet!sysorex!%s
trwacs	cs.toronto.edu!uunet!trwacs!%s
vdelta	cs.toronto.edu!uunet!vdelta!%s
wshb.csms.com	cs.toronto.edu!uunet!wshb!%s
siemens.siemens.com	cs.toronto.edu!gatech!usenet.ins.cwru.edu!siemens!%s
apt.bungi.com	cs.toronto.edu!pyramid!daver!apt!%s
infinet	cs.toronto.edu!mailrus!umich!samsung!infinet!%s
pulizzi	cs.toronto.edu!rutgers!njin!uupsi!pulizzi!%s
.applix.com	cs.toronto.edu!uunet!applix!%s
cucking	cs.toronto.edu!uunet!cucstud!cucking!%s
megaron	cs.toronto.edu!uunet!arizona!megaron!%s
uvmvax	cs.toronto.edu!uunet!uvm-gen!uvmvax!%s
hp300	cs.toronto.edu!uunet!mcsun!ninurta!hp300!%s
scdphila	cs.toronto.edu!uunet!trac2000!scdora0!scdphila!%s
otax	cs.toronto.edu!uunet!mcsun!fuug!santra!otax!%s
.antel.on.ca	cs.toronto.edu!relay.cdnnet.ca!%s
amc-edm	cs.toronto.edu!alberta!edson!amc-edm!%s
com50	cs.toronto.edu!rutgers!uwm!srcsip!com50!%s
inco	cs.toronto.edu!uunet!alembic!inco!%s
mocvax	cs.toronto.edu!rutgers!usc!elroy!mocvax!%s
safe0.ftl.fl.us	cs.toronto.edu!uunet!medex2!safe0!%s
uihub	cs.toronto.edu!citi!uiucdcs!uihub!%s
fint	cs.toronto.edu!uunet!mcsun!fuug!fint!%s
gozer	cs.toronto.edu!uunet!lemuria!gozer!%s
thebox.rain.com	cs.toronto.edu!rutgers!ogicse!qiclab!thebox!%s
previous	cs.toronto.edu!uunet!m2xenix!percy!previous!%s
buster.stafford.tx.us	cs.toronto.edu!rutgers!bcm!academ!lobster!buster!%s
plato	cs.toronto.edu!pyramid!hoptoad!plato!%s
esfenn	cs.toronto.edu!pyramid!pacbell!esfenn!%s
icoras	cs.toronto.edu!pyramid!oliveb!trzsev!icoras!%s
.analog.co.jp	cs.toronto.edu!uunet!kddlab!%s
.lab.meitec.co.jp	cs.toronto.edu!uunet!kddlab!%s
.trl.ibm.co.jp	cs.toronto.edu!uunet!kddlab!%s
aimt	cs.toronto.edu!uunet!aimt!%s
culv.unisys.com	cs.toronto.edu!uunet!twinsun!dim!%s
imbad	cs.toronto.edu!pyramid!infmx!imbad!%s
noldor	cs.toronto.edu!rutgers!ogicse!pdxgate!noldor!%s
sono	cs.toronto.edu!pyramid!sun!sono!%s
ai.toronto.edu	cs.toronto.edu!garfield!ai.toronto.edu!%s
rancho	cs.toronto.edu!gatech!emory!ncratl!ncr-sd!rancho!%s
pulsar	cs.toronto.edu!uunet!virgin!pulsar!%s
air.co.jp	cs.toronto.edu!uunet!kddlab!airgw.air.co.jp!%s
cij.co.jp	cs.toronto.edu!uunet!kddlab!cij-gw.cij.co.jp!%s
gctech.co.jp	cs.toronto.edu!uunet!kddlab!gctgw.gctech.co.jp!%s
jaeri.go.jp	cs.toronto.edu!uunet!kddlab!jaerigw.jaeri.go.jp!%s
kiri.go.jp	cs.toronto.edu!uunet!kddlab!kirinet.kiri.go.jp!%s
mermaid.sea.junet	cs.toronto.edu!uunet!kddlab!mermaid.sea.or.jp!%s
nmcc.co.jp	cs.toronto.edu!uunet!kddlab!nmccgw.nmcc.co.jp!%s
recruit.junet	cs.toronto.edu!uunet!kddlab!isrgwy.isr.recruit.co.jp!%s
hobo	cs.toronto.edu!rutgers!phri!marob!maestro!hobo!%s
mdtv	cs.toronto.edu!citi!harvard!ulowell!wang!mdtv!%s
necspl.ccs.mt.nec.co.jp	cs.toronto.edu!uunet!kddlab!necspl.ccs.mt.nec.co.jp!%s
apcisyd	cs.toronto.edu!citi!harvard!ulowell!apollo!apcihq!apcisyd!%s
jacads	cs.toronto.edu!uunet!trac2000!jacads!%s
chunky	cs.toronto.edu!uunet!m2xenix!parsely!chunky!%s
formtek	cs.toronto.edu!uunet!apexepa!formtek!%s
lsid	cs.toronto.edu!rutgers!uw-beaver!fluke!hplsla!%s
quequeg	cs.toronto.edu!uunet!ashtate!quequeg!%s
temvax	cs.toronto.edu!uunet!cbmvax!temvax!%s
gtlc1	cs.toronto.edu!uunet!convex!gtlc1!%s
coi	cs.toronto.edu!uunet!mcsun!hp4nl!coi!%s
hhinsi	cs.toronto.edu!uunet!mcsun!hp4nl!hhinsi!%s
nduvf	cs.toronto.edu!uunet!mcsun!sunic!nduvf!%s
sgbs	cs.toronto.edu!uunet!mcsun!chx400!sgbs!%s
wangnl	cs.toronto.edu!uunet!mcsun!hp4nl!wangnl!%s
nite-owl	cs.toronto.edu!uunet!pride386!anacom1!anacom2!nite-owl!%s
kurz-ai	cs.toronto.edu!citi!harvard!talcott!kurz-ai!%s
dutrps	cs.toronto.edu!uunet!mcsun!hp4nl!dutrun.tudelft.nl!dutrps!%s
ugobs	cs.toronto.edu!uunet!mcsun!chx400!cui!ugobs!%s
dutinfb	cs.toronto.edu!uunet!mcsun!hp4nl!dutrun.tudelft.nl!dutinfd!dutinfb!%s
sheol	cs.toronto.edu!gatech!mcnc!rti!sheol!%s
gore.com	cs.toronto.edu!rutgers!ub!boulder!gore!%s
satori.sacs.wa.com	cs.toronto.edu!uunet!gtenmc!sacs!satori!%s
may	cs.toronto.edu!uunet!mcsun!ukc!tcdcs!may!%s
wrangler.wlk.com	cs.toronto.edu!cs.utexas.edu!balkan!wrangler!%s
pro-torii	cs.toronto.edu!uunet!cacilj!crash!pnet01!pro-torii!%s
sw1c	cs.toronto.edu!mailrus!wuarchive!wunoc!plus5!sw1a!sw1c!%s
ndlib	cs.toronto.edu!uunet!sobeco!unibase!ndlib!%s
mithril	cs.toronto.edu!uunet!m2xenix!agora!alfirin!mithril!%s
navtech	cs.toronto.edu!uunet!sjsca4!navtech!%s
sysmgr	cs.toronto.edu!uunet!mcsun!fuug!sysmgr!%s
aitek	cs.toronto.edu!uunet!mcsun!i2unix!aitek!%s
bignum.dk	cs.toronto.edu!uunet!mcsun!dkuug!bignum!%s
ccl.umist.ac.uk	cs.toronto.edu!uunet!mcsun!ukc!cclsun!%s
cobull	cs.toronto.edu!uunet!mcsun!unido!cobull!%s
d.univ-paris13.fr	cs.toronto.edu!uunet!mcsun!inria!upn!%s
dynasuk	cs.toronto.edu!uunet!mcsun!ukc!dynasuk!%s
esaote-biomed.it	cs.toronto.edu!uunet!mcsun!i2unix!esaoteb!%s
gec-erc.co.uk	cs.toronto.edu!uunet!mcsun!ukc!gec-erc!%s
hwec	cs.toronto.edu!uunet!mcsun!ukc!hwcc1!%s
informatik.rwth-aachen.de	cs.toronto.edu!uunet!mcsun!unido!rwthinf!%s
kl-seq1	cs.toronto.edu!uunet!mcsun!ukc!kl-seq1!%s
lut	cs.toronto.edu!uunet!mcsun!ukc!lut!%s
mucmot	cs.toronto.edu!uunet!mcsun!unido!mucmot!%s
onera.fr	cs.toronto.edu!uunet!mcsun!inria!onera!%s
qmw	cs.toronto.edu!uunet!mcsun!ukc!qmw!%s
sagmed	cs.toronto.edu!uunet!mcsun!unido!sagmed!%s
ssiuk	cs.toronto.edu!uunet!mcsun!ukc!ssiuk!%s
te	cs.toronto.edu!uunet!mcsun!ukc!te!%s
ucvax.ulster.ac.uk	cs.toronto.edu!uunet!mcsun!ukc!ulucvx!%s
vax.nag.co.uk	cs.toronto.edu!uunet!mcsun!ukc!nag!%s
fbm	cs.toronto.edu!cs.utexas.edu!swrinde!petro!midlyd!fbm!%s
athen	cs.toronto.edu!uunet!mcsun!unido!sinix!athen!%s
rwthi5	cs.toronto.edu!uunet!mcsun!unido!rwthinf!rwthi5!%s
lodestar	cs.toronto.edu!uunet!iex!supernet!egsner!lodestar!%s
macvax	cs.toronto.edu!uunet!ashtate!cadovax!macvax!%s
dfwuug	cs.toronto.edu!uunet!iex!supernet!letni!dinosaur!dfwuug!%s
dtsc.malymi.fidonet.org	cs.toronto.edu!rutgers!usc!elroy!bohica!malymi!dtsc!%s
sumpre	cs.toronto.edu!rutgers!ub!boulder!csn!bilanc!fhs!sumpre!%s
occam	cs.toronto.edu!alfred.ccs.carleton.ca!cognos!alzabo!occam!%s
skynbg	cs.toronto.edu!uunet!mcsun!unido!fauern!skynbg!%s
jpusa1.chi.il.us	cs.toronto.edu!gatech!emory!ncratl!ncr-sd!dale!spl1!jpusa1!%s
csd	cs.toronto.edu!uunet!apctrc!tusun2!drd!csd!%s
krino	cs.toronto.edu!uunet!mcsun!ariadne!theseas!krino!%s
methos	cs.toronto.edu!uunet!atina!methos!%s
bnrmtv	cs.toronto.edu!pyramid!epimass!csi!bnrmtv!%s
coconet	cs.toronto.edu!rutgers!ucsd!coconet!%s
keshet	cs.toronto.edu!rutgers!rochester!rocksanne!keshet!%s
hbgpa	cs.toronto.edu!rutgers!psuvax1!eds1!wa3wbu!gt5000!hbgpa!%s
.med.unc.edu	cs.toronto.edu!gatech!mcnc!uncmed!%s
.cc.edu	cs.toronto.edu!rutgers!uwm!carroll1!%s
utnba.edu.ar	cs.toronto.edu!uunet!atina!dcfcen!utnba!%s
.kingston.ny.us	cs.toronto.edu!uunet!glyph!%s
.uicc.com	cs.toronto.edu!uunet!chillon!%s
.sandiego.ncr.com	cs.toronto.edu!gatech!emory!ncratl!ncr-sd!%s
guest.sicoso.ucm.es	cs.toronto.edu!uunet!mcsun!goya!ulises!%s
uef	cs.toronto.edu!uunet!mcsun!goya!uef!%s
.cps.altadena.ca.us	cs.toronto.edu!rutgers!usc!elroy!grian!%s
.cs.com	cs.toronto.edu!gatech!decvax!csccat!%s
zex	cs.toronto.edu!rutgers!bellcore!laurel!branch!shark!zex!%s
.assistor.se	cs.toronto.edu!uunet!mcsun!sunic!assistor!%s
.kun.nl	cs.toronto.edu!uunet!mcsun!hp4nl!wn1.sci.kun.nl!%s
.tes.nl	cs.toronto.edu!uunet!mcsun!hp4nl!temisw!%s
enea.se	cs.toronto.edu!uunet!mcsun!sunic!enea!enea.se!%s
nhl.nl	cs.toronto.edu!uunet!mcsun!hp4nl!hearnvax.nic.surfnet.nl!nhl.nl!%s
tmdata	cs.toronto.edu!uunet!mcsun!sunic!unikla!tmdata!%s
.digiw.fi	cs.toronto.edu!uunet!mcsun!fuug!digiw!%s
.badger.pcl.ac.uk	cs.toronto.edu!uunet!mcsun!ukc!pcl-badger!%s
.cs.glasgow.ac.uk	cs.toronto.edu!uunet!mcsun!ukc!glasgow!%s
.ese-gif.fr	cs.toronto.edu!uunet!mcsun!inria!esegif!%s
.isdg.cs.hull.ac.uk	cs.toronto.edu!uunet!mcsun!ukc!hu-isd!%s
.ohm.york.ac.uk	cs.toronto.edu!uunet!mcsun!ukc!yorkohm!%s
.spock.aston.ac.uk	cs.toronto.edu!uunet!mcsun!ukc!astons!%s
.vaxa.aston.ac.uk	cs.toronto.edu!uunet!mcsun!ukc!astona!%s
cdspr	cs.toronto.edu!rutgers!cdspr!%s
tygra.thundercat.com	cs.toronto.edu!citi!sharkey!tygra!%s
ncc.umn.edu	cs.toronto.edu!rutgers!umn-cs!buddha!%s
ida	cs.toronto.edu!rutgers!oddjob!clout!ida!%s
sparcy.fedex.com	cs.toronto.edu!rutgers!homecare!sparcy!%s
tokyo	cs.toronto.edu!pyramid!fernwood!tokyo!%s
royaljok	cs.toronto.edu!citi!sharkey!cfctech!ttardis!royaljok!%s
intiar.edu.ar	cs.toronto.edu!uunet!atina!intiar!%s
huges	cs.toronto.edu!gatech!ncar!sunpeaks!huges!%s
slovax.wa.com	cs.toronto.edu!uunet!nwnexus!slovax!%s
.jt.dk	cs.toronto.edu!uunet!mcsun!dkuug!jt!%s
eps.agfa.be	cs.toronto.edu!uunet!mcsun!ub4b!flitser!%s
rcbal.dk	cs.toronto.edu!uunet!mcsun!dkuug!rcbal!%s
ramtek	cs.toronto.edu!pyramid!claris!netcom!ramtek!%s
tmiuv0	cs.toronto.edu!uunet!spsd!zardoz!tmiuv0!%s
micro-ix	cs.toronto.edu!citi!harvard!m2c!jjmhome!micro-ix!%s
.visicom.com	cs.toronto.edu!rutgers!ucsd!nosc!visicom!%s
business	cs.toronto.edu!uunet!tarpit!alfred!business!%s
dept.csci.unt.edu	cs.toronto.edu!uunet!iex!supernet!solo!ponder.csci.unt.edu!%s
kk4fs	cs.toronto.edu!uunet!unify!sactoh0!kk4fs!%s
motsan	cs.toronto.edu!uunet!cacilj!crash!bsed!motsan!%s
systec	cs.toronto.edu!uunet!mcsun!unido!tub!systec!%s
f13.n391.z1.fidonet.org	cs.toronto.edu!uunet!romed!actsn!uark!nwark!%s
amanpt1	cs.toronto.edu!uunet!rafos!jarsun1!amanpt1!%s
.bcn.inisel-espacio.es	cs.toronto.edu!uunet!mcsun!goya!marte!%s
.logm.se	cs.toronto.edu!uunet!mcsun!sunic!log-hb!logm!%s
csad.cs	cs.toronto.edu!uunet!mcsun!uniba!csad1!csad.cs!%s
imcldn	cs.toronto.edu!uunet!m2xenix!imcldn!%s
tanjit	cs.toronto.edu!rutgers!ucsd!nosc!jartel!stb!tanjit!%s
loneoak.rain.com	cs.toronto.edu!rutgers!ogicse!qiclab!loneoak!%s
wsr	cs.toronto.edu!uunet!mcsun!tuvie!wsrpcs!%s
ninjau	cs.toronto.edu!rutgers!uw-beaver!uw-nsr!uw-warp!eskimo!ninjau!%s
ccrit	cs.toronto.edu!uunet!ccrit!%s
baylor	cs.toronto.edu!rutgers!bcm!baylor!%s
regina	cs.toronto.edu!alberta!herald!regina!%s
sics	cs.toronto.edu!uunet!mcsun!sunic!sics!%s
ugc	cs.toronto.edu!alberta!aunro!ugc!%s
carlstedt.se	cs.toronto.edu!uunet!mcsun!sunic!chalmers!carlstedt.se!%s
kcwc	cs.toronto.edu!uunet!hadron!dtix!kcwc!%s
icotech	cs.toronto.edu!uunet!icotech!%s
swituc	cs.toronto.edu!uunet!swituc!%s
nudity	cs.toronto.edu!citi!princeton!nudity!%s
hpiag0	cs.toronto.edu!pyramid!hplabs!hpiag0!%s
art-sy	cs.toronto.edu!citi!sharkey!fmsrl7!art-sy!%s
f104.n129.z1.fidonet.org	cs.toronto.edu!rutgers!psuvax1!pitt!nss!%s
thor	cs.toronto.edu!uunet!sdrc!thor!%s
fstrat	cs.toronto.edu!calgary!mtroyal.ab.ca!chaotic!fstrat!%s
ab-lx	cs.toronto.edu!uunet!tiamat!ab-lx!%s
red4est	cs.toronto.edu!uunet!sco!ucscc!red4est!%s
system1	cs.toronto.edu!gatech!uflorida!usfvax2!system1!%s
zylor	cs.toronto.edu!uunet!rosevax!sialis!tcnet!jhereg!zylor!%s
.nwo.nl	cs.toronto.edu!uunet!mcsun!hp4nl!hearnvax.nic.surfnet.nl!%s
exprs	cs.toronto.edu!rutgers!bellcore!laurel!novavax!mia!exprs!%s
fidel	cs.toronto.edu!uunet!sdl!rainbow!duboce!fidel!%s
